class,precision,recall,f1,support
long,0.55,0.5238095238095238,0.5365853658536586,42
medium,0.4166666666666667,0.29411764705882354,0.3448275862068966,136
short,0.6706349206349206,0.7130801687763713,0.6912065439672802,237
very_long,0.656934306569343,0.8181818181818182,0.728744939271255,110
