class,precision,recall,f1,support
long,0.5283018867924528,0.6666666666666666,0.5894736842105263,42
medium,0.4305555555555556,0.22794117647058823,0.2980769230769231,136
short,0.6689655172413793,0.8185654008438819,0.7362428842504743,237
